doc_id,chunk_id,posicio,text_chunk,text_chunk_norm
DOC_001,DOC_001_chunk_0000,0,Regulations for External Academic Internships,regulations for external academic internships
DOC_001,DOC_001_chunk_0001,1,The statistics degree is from the University of Barcelona and is part of the Faculty of Economics and Business. The program has a total of 240 credits,the statistics degree is from the university of barcelona and is part of the faculty of economics and business the program has a total of 240 credits
DOC_001,DOC_001_chunk_0002,2,". The program has a total of 240 credits. Requirements for Accessing Internships  In addition to what is established by the UB regulations, in order to carry out the internships, the student of the Faculty of Economics and Business must meet the following requirements: In the case of curricular internships: d) Class schedules and practicum schedules cannot overlap",the program has a total of 240 credits requirements for accessing internships in addition to what is established by the ub regulations in order to carry out the internships the student of the faculty of economics and business must meet the following requirements in the case of curricular internships d class schedules and practicum schedules cannot overlap
DOC_001,DOC_001_chunk_0003,3,". e) At the time the intership begins, the undergraduate student must have passed 50% of the credits for the program.",e at the time the intership begins the undergraduate student must have passed 50 of the credits for the program
DOC_001,DOC_001_chunk_0004,4,"Duration and Schedules of Internships  The external internships of students of the Faculty of Economics and Business are limited in terms of the number of hours, both overall and per training project, depending on the type of instruction. The breakdown of hours is set out in Annex 1.  Curricular internships: you may undertake as many curricular internships as the internship courses included in the curriculum of the corresponding program",duration and schedules of internships the external internships of students of the faculty of economics and business are limited in terms of the number of hours both overall and per training project depending on the type of instruction the breakdown of hours is set out in annex 1 curricular internships you may undertake as many curricular internships as the internship courses included in the curriculum of the corresponding program
DOC_001,DOC_001_chunk_0005,5,. Each training project must include a minimum of 300 hours and a maximum of 375 hours.,each training project must include a minimum of 300 hours and a maximum of 375 hours
DOC_001,DOC_001_chunk_0006,6,"Internships, both curricular and extracurricular, must be carried out within the academic period for which the enrollment is valid. Under no circumstances may they be extended or extend beyond the end of the official academic year of the Faculty and the University of Barcelona. This usually runs from September 15 of one year to September 14 of the following year.",internships both curricular and extracurricular must be carried out within the academic period for which the enrollment is valid under no circumstances may they be extended or extend beyond the end of the official academic year of the faculty and the university of barcelona this usually runs from september 15 of one year to september 14 of the following year
DOC_001,DOC_001_chunk_0007,7,"Internships, both curricular and extracurricular, must be carried out Monday through Friday, excluding holidays, between 8:00 AM and 9:00 PM. The student may work a maximum of 6 hours per day",internships both curricular and extracurricular must be carried out monday through friday excluding holidays between 800 am and 900 pm the student may work a maximum of 6 hours per day
DOC_001,DOC_001_chunk_0008,8,". The student may work a maximum of 6 hours per day. Exceptionally, they may work up to a maximum of 8 hours per day if they are in one of the following situations: if they have 12 credits left to complete their degree, excluding credits for the Final Degree Project, if they are a student in the EUS program or if the internship takes place during the months of July and August.",the student may work a maximum of 6 hours per day exceptionally they may work up to a maximum of 8 hours per day if they are in one of the following situations if they have 12 credits left to complete their degree excluding credits for the final degree project if they are a student in the eus program or if the internship takes place during the months of july and august
DOC_001,DOC_001_chunk_0009,9,"Economic Aspects: Each training project requires a financial contribution to the Faculty from the company or institution to cover the management, processing, and formalization of the internship training project, regardless of the duration of the student's internship period. This amount must be specified in each student's training project. Exemption from payment is always subject to the discretion of the Dean of the Faculty",economic aspects each training project requires a financial contribution to the faculty from the company or institution to cover the management processing and formalization of the internship training project regardless of the duration of the students internship period this amount must be specified in each students training project exemption from payment is always subject to the discretion of the dean of the faculty
DOC_001,DOC_001_chunk_0010,10,". Exemption from payment is always subject to the discretion of the Dean of the Faculty. The internship agreement may provide that the company or institution remunerate the student, in the manner determined, as a scholarship or study aid. This amount must be indicated in the student's individual training plan for the practicum and must take into account the following: Extracurricular intership must always be remunerated",exemption from payment is always subject to the discretion of the dean of the faculty the internship agreement may provide that the company or institution remunerate the student in the manner determined as a scholarship or study aid this amount must be indicated in the students individual training plan for the practicum and must take into account the following extracurricular intership must always be remunerated
DOC_001,DOC_001_chunk_0011,11,". Optional curricular internships must always be paid. Mandatory curricular internships, although it is recommended that they be paid, may not be. If the intership is remunerated, the minimum is 3 euros. Internships for statistics students are optional, and they can complete up to two.",optional curricular internships must always be paid mandatory curricular internships although it is recommended that they be paid may not be if the intership is remunerated the minimum is 3 euros internships for statistics students are optional and they can complete up to two
DOC_002,DOC_002_chunk_0000,0,Processing of external academic internships,processing of external academic internships
DOC_002,DOC_002_chunk_0001,1,GIPE is the application through which internship offers are posted and the corresponding documentation (agreement and training plan) is managed.,gipe is the application through which internship offers are posted and the corresponding documentation agreement and training plan is managed
DOC_002,DOC_002_chunk_0002,2,"The student can update the information that the company can view (education, languages, work experience, etc.), as well as upload documents such as their resume. New offers are posted on the GIPE daily, and each one is active for one month. Once a student is selected (either through the GIPE or outside the application), the company must request to manage the internship through the GIPE.",the student can update the information that the company can view education languages work experience etc as well as upload documents such as their resume new offers are posted on the gipe daily and each one is active for one month once a student is selected either through the gipe or outside the application the company must request to manage the internship through the gipe
DOC_002,DOC_002_chunk_0003,3,"GAEF is the application used to track and evaluate internships, both curricular and extracurricular. The student accesses it with their UB credentials. The company supervisor logs in with their own credentials, which they can generate or retrieve using the corresponding button on the main page",gaef is the application used to track and evaluate internships both curricular and extracurricular the student accesses it with their ub credentials the company supervisor logs in with their own credentials which they can generate or retrieve using the corresponding button on the main page
DOC_002,DOC_002_chunk_0004,4,". Once the internship is managed and in “active” status in GIPE, the evaluation is generated in GAEF, and the student, academic advisor, and company contact receive an email notification.",once the internship is managed and in active status in gipe the evaluation is generated in gaef and the student academic advisor and company contact receive an email notification
DOC_002,DOC_002_chunk_0005,5,"The deadlines for applying for internships (curricular or extracurricular) require that one week in advance the Career Services Office must have both the company's internship request (properly completed, all correct: prior agreement active and internship offer to GIPE) as well as the student's prior documentation (properly completed, signed, and submitted, all correct): CURRICULAR INTERNSHIPS: ELECTIVE EXCHANGE: you can exchange a previously",the deadlines for applying for internships curricular or extracurricular require that one week in advance the career services office must have both the companys internship request properly completed all correct prior agreement active and internship offer to gipe as well as the students prior documentation properly completed signed and submitted all correct curricular internships elective exchange you can exchange a previously
DOC_002,DOC_002_chunk_0006,6,"submitted, all correct): CURRICULAR INTERNSHIPS: ELECTIVE EXCHANGE: you can exchange a previously enrolled elective course for the internship course:  First-semester courses must be in ACTIVE status in GIPE approximately before November 14 of the academic year",submitted all correct curricular internships elective exchange you can exchange a previously enrolled elective course for the internship course firstsemester courses must be in active status in gipe approximately before november 14 of the academic year
DOC_002,DOC_002_chunk_0007,7,". Second-semester courses must be in ACTIVE status in GIPE approximately before April 30 of the academic year. ENROLLMENT EXTENSION: Around May 31 of the academic year in ACTIVE status in GIPE. For specific dates, please consult the academic year's externship calendar.",secondsemester courses must be in active status in gipe approximately before april 30 of the academic year enrollment extension around may 31 of the academic year in active status in gipe for specific dates please consult the academic years externship calendar
DOC_002,DOC_002_chunk_0008,8,"If undertaking extracurricular internships, the student cannot close their file or request their bachelor's/master's/postgraduate degree until the internship end date has passed.",if undertaking extracurricular internships the student cannot close their file or request their bachelorsmasterspostgraduate degree until the internship end date has passed
DOC_002,DOC_002_chunk_0009,9,"Company supervisor: During the last week of the internship, they must complete the evaluation form (40% of the final grade). Academic supervisor: Must schedule a minimum of two meetings with the student and complete two questionnaires: Monitoring (20% of the final grade) throughout the entire internship period. Evaluation of the final intership report (40% of the final grade) within a maximum of fifteen calendar days from the internship end date",company supervisor during the last week of the internship they must complete the evaluation form 40 of the final grade academic supervisor must schedule a minimum of two meetings with the student and complete two questionnaires monitoring 20 of the final grade throughout the entire internship period evaluation of the final intership report 40 of the final grade within a maximum of fifteen calendar days from the internship end date
DOC_002,DOC_002_chunk_0010,10,. The intership report must have a minimum extension of 15 pages (not counting the annexes) and a maximum of 30 pages.,the intership report must have a minimum extension of 15 pages not counting the annexes and a maximum of 30 pages
DOC_002,DOC_002_chunk_0011,11,"Registration for internships is not done on the same day as regular registration for other courses. Instead, we process it once the corresponding training project has been approved, within a maximum of fifteen days after the project is marked as active in the GIPE.",registration for internships is not done on the same day as regular registration for other courses instead we process it once the corresponding training project has been approved within a maximum of fifteen days after the project is marked as active in the gipe
DOC_002,DOC_002_chunk_0012,12,"All undergraduate, master's, or postgraduate students can do international internships, provided they have an active enrollment for the current academic year (not canceled for non-payment, and have not applied for their degree), during a period without academic activity (for example, during the summer after exams have already ended).",all undergraduate masters or postgraduate students can do international internships provided they have an active enrollment for the current academic year not canceled for nonpayment and have not applied for their degree during a period without academic activity for example during the summer after exams have already ended
DOC_002,DOC_002_chunk_0013,13,"To do internships, it is mandatory to have an insurance policy that provides medical, accident, liability, and repatriation coverage. Students in official degree programs under the age of twenty-eight purchase the mandatory insurance when they enroll each academic year; this policy already includes these coverages",to do internships it is mandatory to have an insurance policy that provides medical accident liability and repatriation coverage students in official degree programs under the age of twentyeight purchase the mandatory insurance when they enroll each academic year this policy already includes these coverages
DOC_002,DOC_002_chunk_0014,14,. Students over the age of twenty-eight and students in the Faculty's own programs must purchase a voluntary insurance policy at the time of registration or purchase it afterward.,students over the age of twentyeight and students in the facultys own programs must purchase a voluntary insurance policy at the time of registration or purchase it afterward
DOC_003,DOC_003_chunk_0000,0,Bachelor’s Thesis,bachelors thesis
DOC_003,DOC_003_chunk_0001,1,"MODALITY OF Bachelor’s Thesis. There are four modalities of Bachelor’s Thesis: Modality A: Bachelor’s Thesis carried out in the teaching centers.  Modality B: Bachelor’s Thesis carried out in companies or entities, associated with an educational cooperation agreement between the company and the university (External Internships program)",modality of bachelors thesis there are four modalities of bachelors thesis modality a bachelors thesis carried out in the teaching centers modality b bachelors thesis carried out in companies or entities associated with an educational cooperation agreement between the company and the university external internships program
DOC_003,DOC_003_chunk_0002,2,". Modality C: Bachelor’s Thesis carried out within the framework of mobility, through an academic exchange program.  Modality D: Bachelor’s Thesis carried out in companies or entities, carried out during an educational cooperation agreement, within a mobility framework associated with an academic exchange program.",modality c bachelors thesis carried out within the framework of mobility through an academic exchange program modality d bachelors thesis carried out in companies or entities carried out during an educational cooperation agreement within a mobility framework associated with an academic exchange program
DOC_003,DOC_003_chunk_0003,3,"The Bachelor’s Thesis must be done individually. Exceptionally, the Head of Studies may authorize groups of two people, after written justification by the director of the Bachelor’s Thesis. The memory will have a maximum of 50 pages and may contain annexes in case you want to attach complementary information. This point does not affect the Bachelor’s Thesis of Double Degree ECO-EST.",the bachelors thesis must be done individually exceptionally the head of studies may authorize groups of two people after written justification by the director of the bachelors thesis the memory will have a maximum of 50 pages and may contain annexes in case you want to attach complementary information this point does not affect the bachelors thesis of double degree ecoest
DOC_003,DOC_003_chunk_0004,4,"The teaching load recognized to the teachers by the direction / authorization of a Bachelor’s Thesis, and by the participation in courts, is the one established by the current regulations of each university. As a guide, the student's dedication to the elaboration of works, must be 25h ' 1 credit, that is, a total of 18 ECTS25h / ECTS.450h of work.",the teaching load recognized to the teachers by the direction  authorization of a bachelors thesis and by the participation in courts is the one established by the current regulations of each university as a guide the students dedication to the elaboration of works must be 25h  1 credit that is a total of 18 ects25h  ects450h of work
DOC_003,DOC_003_chunk_0005,5,"The tribunal is responsible for evaluating the report of the work and the defense, in accordance with the objectives established in the teaching guide of the degree, and to communicate the qualification obtained to the student and the CTFG.",the tribunal is responsible for evaluating the report of the work and the defense in accordance with the objectives established in the teaching guide of the degree and to communicate the qualification obtained to the student and the ctfg
DOC_003,DOC_003_chunk_0006,6,"The members of the tribunal are proposed and appointed by the CTFG from among the teaching staff of the Departments that teach at the GE. The court is composed, at least, of: the president, who directs the entire process of action of the court; the secretary, who guards the evaluation act; a member; a substitute. Of the 4 members, two must be from the UB and two from the UPC",the members of the tribunal are proposed and appointed by the ctfg from among the teaching staff of the departments that teach at the ge the court is composed at least of the president who directs the entire process of action of the court the secretary who guards the evaluation act a member a substitute of the 4 members two must be from the ub and two from the upc
DOC_003,DOC_003_chunk_0007,7,". Of the 4 members, two must be from the UB and two from the UPC.  A limitation of 15 minutes is established from the start of the call for the student to present himself to the defense.  The indicative duration of the act will be 30 minutes, of which approximately 15 minutes will be devoted to the defense of the thesis.",of the 4 members two must be from the ub and two from the upc a limitation of 15 minutes is established from the start of the call for the student to present himself to the defense the indicative duration of the act will be 30 minutes of which approximately 15 minutes will be devoted to the defense of the thesis
DOC_003,DOC_003_chunk_0008,8,"Abstract and Keywords: A summary of the work in the language in which the Bachelor’s Thesis is written must be included, no more than 10 lines long, that synthesizes its essential content. Next, several keywords—no fewer than five and no more than ten—must be provided, indicating the topics addressed in the work",abstract and keywords a summary of the work in the language in which the bachelors thesis is written must be included no more than 10 lines long that synthesizes its essential content next several keywordsno fewer than five and no more than tenmust be provided indicating the topics addressed in the work
DOC_003,DOC_003_chunk_0009,9,".  If the language used in the work is one of the two official languages of the UB/UPC (Spanish and Catalan) or a third language other than English, the title, keywords, and an abstract of between 200 and 500 words must be added in English.",if the language used in the work is one of the two official languages of the ubupc spanish and catalan or a third language other than english the title keywords and an abstract of between 200 and 500 words must be added in english
DOC_003,DOC_003_chunk_0010,10,"The submission of the thesis will be made in PDF format and as a single file, through the dropbox that will be set up in the Bachelor’s Thesis area of the Virtual Campus. Therefore, it will not be necessary to print the work unless the Bachelor’s Thesis advisor or the Bachelor’s Thesis Committee explicitly requests it. In that case, the work must be presented printed on both sides of white or recycled DIN-A4 sheets.",the submission of the thesis will be made in pdf format and as a single file through the dropbox that will be set up in the bachelors thesis area of the virtual campus therefore it will not be necessary to print the work unless the bachelors thesis advisor or the bachelors thesis committee explicitly requests it in that case the work must be presented printed on both sides of white or recycled dina4 sheets
DOC_004,DOC_004_chunk_0000,0,International exchange program,international exchange program
DOC_004,DOC_004_chunk_0001,1,"Requirements for UB students on international mobility   12.2 Calls for mobility require that UB students meet, at a minimum, the following requirements: b) provide proof of the language proficiency level required by the foreign institution, as specified in the agreement signed with the UB c) have a minimum of 60 credits completed for undergraduate studies (or the first year completed)",requirements for ub students on international mobility 122 calls for mobility require that ub students meet at a minimum the following requirements b provide proof of the language proficiency level required by the foreign institution as specified in the agreement signed with the ub c have a minimum of 60 credits completed for undergraduate studies or the first year completed
DOC_004,DOC_004_chunk_0002,2,. One of the requirements to participate in the exchange programs is to have an NIE or DNI.,one of the requirements to participate in the exchange programs is to have an nie or dni
DOC_004,DOC_004_chunk_0003,3,"The mobility student is a full-time student; therefore, the number of credits that a UB student must take at the host university is, as a general rule, the one set by the UB's regulations on academic standing. For undergraduate students, between 23 and 30 ECTS for semester stays or between 46 and 60 ECTS for annual stays",the mobility student is a fulltime student therefore the number of credits that a ub student must take at the host university is as a general rule the one set by the ubs regulations on academic standing for undergraduate students between 23 and 30 ects for semester stays or between 46 and 60 ects for annual stays
DOC_004,DOC_004_chunk_0004,4,". Only in the case of students who have fewer than 60 credits remaining to complete their studies, the minimum number of credits to be taken in international mobility will be 15 credits per semester.",only in the case of students who have fewer than 60 credits remaining to complete their studies the minimum number of credits to be taken in international mobility will be 15 credits per semester
DOC_004,DOC_004_chunk_0005,5,"If you have previously been a beneficiary of an Erasmus+ mobility (studies and/or internships), the total duration of the mobility per student may not exceed 12 months per cycle of studies (Bachelor's, Master's).
It is necessary to meet the specific requirements for each requested destination (language level, specific language‐level certificate, minimum GPA, etc.) in order to be awarded it.",if you have previously been a beneficiary of an erasmus mobility studies andor internships the total duration of the mobility per student may not exceed 12 months per cycle of studies bachelors masters it is necessary to meet the specific requirements for each requested destination language level specific languagelevel certificate minimum gpa etc in order to be awarded it
DOC_004,DOC_004_chunk_0006,6,"Selection is carried out on a competitive basis, in accordance with the following evaluation criteria: GPA of the academic transcript: up to 10 points.",selection is carried out on a competitive basis in accordance with the following evaluation criteria gpa of the academic transcript up to 10 points
DOC_004,DOC_004_chunk_0007,7,"Students with fewer opportunities (in accordance with the circumstances specified in the call): up to 1 point, except for large families of general category, which will be 0.5 points. In the case of belonging to more than one of the included groups, you may only receive up to a maximum of 1 point.",students with fewer opportunities in accordance with the circumstances specified in the call up to 1 point except for large families of general category which will be 05 points in the case of belonging to more than one of the included groups you may only receive up to a maximum of 1 point
DOC_004,DOC_004_chunk_0008,8,"Center-established criteria, up to 2 points: Candidates who passed all credits enrolled in the previous academic year (2024-25): 2 points. Candidates who passed all but 1 of the total courses enrolled in the previous academic year (2024-25): 1 point.",centerestablished criteria up to 2 points candidates who passed all credits enrolled in the previous academic year 202425 2 points candidates who passed all but 1 of the total courses enrolled in the previous academic year 202425 1 point
DOC_004,DOC_004_chunk_0009,9,"In the event of a tie between two or more candidates, the following tie-breaking criteria will be applied: First, applications will be ranked based on the number of ECTS credits passed, in descending order. If the tie persists, the spot will be awarded to the applicant who has not previously participated in a mobility program",in the event of a tie between two or more candidates the following tiebreaking criteria will be applied first applications will be ranked based on the number of ects credits passed in descending order if the tie persists the spot will be awarded to the applicant who has not previously participated in a mobility program
DOC_004,DOC_004_chunk_0010,10,". If the tie persists after applying the above criteria, the spot will be awarded to the applicant with the highest score for the motivation statement in the Mobility-Online application.",if the tie persists after applying the above criteria the spot will be awarded to the applicant with the highest score for the motivation statement in the mobilityonline application
DOC_005,DOC_005_chunk_0000,0,General regulations of UB,general regulations of ub
DOC_005,DOC_005_chunk_0001,1,Information on the Grading Process: Grades for assessment activities must be made public no later than 14 calendar days after the tests have been administered or the assignments submitted.,information on the grading process grades for assessment activities must be made public no later than 14 calendar days after the tests have been administered or the assignments submitted
DOC_005,DOC_005_chunk_0002,2,"The final grade for the course must be made public within a maximum of 14 calendar days from the date the continuous assessment processes, the single assessment exam, or the re-evaluation conclude. It must be ensured that the grades are published 5 calendar days before the re-evaluation date.",the final grade for the course must be made public within a maximum of 14 calendar days from the date the continuous assessment processes the single assessment exam or the reevaluation conclude it must be ensured that the grades are published 5 calendar days before the reevaluation date
DOC_005,DOC_005_chunk_0003,3,"In the event that, for exceptional and duly justified reasons, a student or group of students cannot take an assessment, the course coordinator must take the necessary measures to ensure it can take place within the same academic period.",in the event that for exceptional and duly justified reasons a student or group of students cannot take an assessment the course coordinator must take the necessary measures to ensure it can take place within the same academic period
DOC_005,DOC_005_chunk_0004,4,"A student with a grade of 9.0 or higher may be awarded an honors grade. The number of honors may not exceed 5% of the students enrolled in a course during the relevant academic period, unless the number of enrolled students is fewer than 20: in that case, only one honor may be awarded.",a student with a grade of 90 or higher may be awarded an honors grade the number of honors may not exceed 5 of the students enrolled in a course during the relevant academic period unless the number of enrolled students is fewer than 20 in that case only one honor may be awarded
DOC_005,DOC_005_chunk_0005,5,"ECTS grading system at UB: On academic transcripts and on the European Supplement to the degree certificate for official bachelor's and master's degrees, ECTS grades are also indicated for passed courses, showing the ranking compared with the results of that same course in the two previous years",ects grading system at ub on academic transcripts and on the european supplement to the degree certificate for official bachelors and masters degrees ects grades are also indicated for passed courses showing the ranking compared with the results of that same course in the two previous years
DOC_005,DOC_005_chunk_0006,6,. Students who have passed a course are divided into five groups: the top 10% receive a grade of A; the next 25% receive a grade of B; the next 30% receive a grade of C; the next 25% receive a grade of D; and the final 10% receive a grade of E.,students who have passed a course are divided into five groups the top 10 receive a grade of a the next 25 receive a grade of b the next 30 receive a grade of c the next 25 receive a grade of d and the final 10 receive a grade of e
DOC_005,DOC_005_chunk_0007,7,"Once a course has been graded, it cannot be re-evaluated unless the student waives the grade obtained, provided it is a passing grade or an equivalent or higher grade. This waiver must be submitted in writing to the relevant instructor during the grade review period and results in a grade of “not presented.”",once a course has been graded it cannot be reevaluated unless the student waives the grade obtained provided it is a passing grade or an equivalent or higher grade this waiver must be submitted in writing to the relevant instructor during the grade review period and results in a grade of not presented
DOC_005,DOC_005_chunk_0008,8,"If the student commits any other irregularity in an assessment, that assessment is graded 0. If more than one irregularity occurs in the assessments of the same course during the same academic year, the final grade is 0.",if the student commits any other irregularity in an assessment that assessment is graded 0 if more than one irregularity occurs in the assessments of the same course during the same academic year the final grade is 0
DOC_006,DOC_006_chunk_0000,0,Credit recognition,credit recognition
DOC_006,DOC_006_chunk_0001,1,Credit recognition refers to the acceptance of credits obtained in previous official studies (at UB or other universities) that count toward the transcript of other official studies the student is pursuing for the purpose of obtaining an official degree,credit recognition refers to the acceptance of credits obtained in previous official studies at ub or other universities that count toward the transcript of other official studies the student is pursuing for the purpose of obtaining an official degree
DOC_006,DOC_006_chunk_0002,2,". To process the recognition request, regardless of whether the decision is positive or negative, the fee for academic record studies for convalidation, adaptation, transfer and recognition established, per academic year, in the Generalitat de Catalunya's Price Decree (€54.54 according to Decree 125/2025, of June 17). Under no circumstances can credits corresponding to the Final Degree Project be recognized.",to process the recognition request regardless of whether the decision is positive or negative the fee for academic record studies for convalidation adaptation transfer and recognition established per academic year in the generalitat de catalunyas price decree 5454 according to decree 1252025 of june 17 under no circumstances can credits corresponding to the final degree project be recognized
DOC_006,DOC_006_chunk_0003,3,"The University of Barcelona recognizes six credits, countable as electives, for participation in institutional university activities of a cultural, sporting, student representation, solidarity, and cooperation nature, as well as other activities organized by the Faculty. The tuition fee is set each academic year in the Generalitat de Catalunya's Decree on Fees",the university of barcelona recognizes six credits countable as electives for participation in institutional university activities of a cultural sporting student representation solidarity and cooperation nature as well as other activities organized by the faculty the tuition fee is set each academic year in the generalitat de catalunyas decree on fees
DOC_006,DOC_006_chunk_0004,4,". The tuition fee is set each academic year in the Generalitat de Catalunya's Decree on Fees. For the 2025–2026 academic year, the fee for a recognized credit is 20% of the regular credit fee.",the tuition fee is set each academic year in the generalitat de catalunyas decree on fees for the 20252026 academic year the fee for a recognized credit is 20 of the regular credit fee
DOC_006,DOC_006_chunk_0005,5,"Once your credit transfer request has been approved, you must register for the transferred credits so they can be added to your academic record. You can do this during the September registration period or the February registration extension.",once your credit transfer request has been approved you must register for the transferred credits so they can be added to your academic record you can do this during the september registration period or the february registration extension
DOC_006,DOC_006_chunk_0006,6,"The University of Barcelona recognizes six credits, countable as electives, for participation in institutional university activities of a cultural, sporting, student representation, solidarity, and cooperation nature, as well as other activities organized by the Faculty.",the university of barcelona recognizes six credits countable as electives for participation in institutional university activities of a cultural sporting student representation solidarity and cooperation nature as well as other activities organized by the faculty
DOC_006,DOC_006_chunk_0007,7,"Work and professional experience may be recognized if it is related to the title's competencies, and it only entitles the student to the recognition of 6 elective credits for external practicum courses. The student requesting this recognition must provide documentation showing that, over the past five years, they have worked a minimum of 1,500 hours under an employment contract and/or as a self-employed individual",work and professional experience may be recognized if it is related to the titles competencies and it only entitles the student to the recognition of 6 elective credits for external practicum courses the student requesting this recognition must provide documentation showing that over the past five years they have worked a minimum of 1500 hours under an employment contract andor as a selfemployed individual
DOC_006,DOC_006_chunk_0008,8,. These hours of work and professional experience must be related to the competencies associated with the degree for which recognition is being requested.,these hours of work and professional experience must be related to the competencies associated with the degree for which recognition is being requested
DOC_007,DOC_007_chunk_0000,0,University Academic Progression Regulations,university academic progression regulations
DOC_007,DOC_007_chunk_0001,1,"Enrollment and retention conditions during the first year of entry into a university degree program: In the first year a student enters a UB degree program, they must enroll in either 60 credits (full-time) or 30 (part-time mode). If they have enrolled in 60 credits, by the end of the first year they must have passed at least 18 credits to remain in the degree program",enrollment and retention conditions during the first year of entry into a university degree program in the first year a student enters a ub degree program they must enroll in either 60 credits fulltime or 30 parttime mode if they have enrolled in 60 credits by the end of the first year they must have passed at least 18 credits to remain in the degree program
DOC_007,DOC_007_chunk_0002,2,". If they have enrolled in 30 credits, by the end of the first year they must have passed at least 6 credits to remain in the degree program.",if they have enrolled in 30 credits by the end of the first year they must have passed at least 6 credits to remain in the degree program
DOC_007,DOC_007_chunk_0003,3,"Enrollment and retention conditions from the second year of admission and for first-year students who have previously taken, in whole or in part, other official university studies at any university: The student may enroll in a minimum of 18 credits (unless fewer are needed to complete the program) and a maximum of 60",enrollment and retention conditions from the second year of admission and for firstyear students who have previously taken in whole or in part other official university studies at any university the student may enroll in a minimum of 18 credits unless fewer are needed to complete the program and a maximum of 60
DOC_007,DOC_007_chunk_0004,4,". Students are considered part-time when they enroll in between 18 and 45 credits, and full-time when they enroll in between 46 and 60 credits. Exceptionally, and when justified, the Head of Studies, by express resolution, may authorize enrollment of more than 60 credits, up to a maximum of 78 credits per academic year",students are considered parttime when they enroll in between 18 and 45 credits and fulltime when they enroll in between 46 and 60 credits exceptionally and when justified the head of studies by express resolution may authorize enrollment of more than 60 credits up to a maximum of 78 credits per academic year
DOC_007,DOC_007_chunk_0005,5,". If the student wants to enroll in required credits from an upper-level course, they must also enroll in all outstanding required credits from lower-level courses. A student may not remain in the degree program for a second consecutive year of enrollment in which they fail to pass at least 50% of the credits enrolled. When a student has fewer than 10% of the credits remaining to complete the degree, they must enroll in all of them.",if the student wants to enroll in required credits from an upperlevel course they must also enroll in all outstanding required credits from lowerlevel courses a student may not remain in the degree program for a second consecutive year of enrollment in which they fail to pass at least 50 of the credits enrolled when a student has fewer than 10 of the credits remaining to complete the degree they must enroll in all of them
DOC_007,DOC_007_chunk_0006,6,"Enrollment and retention conditions for the first year of entry into the dual-degree undergraduate program: Full-time track: in the first year the student must enroll in a minimum of 60 credits and a maximum of 90.  At the end of the first year, the student must have passed at least 24 credits to remain in the dual-degree program. Part-time mode: in the first year the student must enroll in between a minimum of 30 credits and a maximum of 45",enrollment and retention conditions for the first year of entry into the dualdegree undergraduate program fulltime track in the first year the student must enroll in a minimum of 60 credits and a maximum of 90 at the end of the first year the student must have passed at least 24 credits to remain in the dualdegree program parttime mode in the first year the student must enroll in between a minimum of 30 credits and a maximum of 45
DOC_007,DOC_007_chunk_0007,7,". At the end of the first year, the student must have passed at least 12 credits to remain in the dual-degree program.",at the end of the first year the student must have passed at least 12 credits to remain in the dualdegree program
DOC_007,DOC_007_chunk_0008,8,Enrollment and retention conditions from the second year of admission to the dual-degree undergraduate track: The student may enroll in a minimum of 30 credits (unless fewer are needed to complete the degree) and a maximum of 90.,enrollment and retention conditions from the second year of admission to the dualdegree undergraduate track the student may enroll in a minimum of 30 credits unless fewer are needed to complete the degree and a maximum of 90
DOC_008,DOC_008_chunk_0000,0,Withdrawal and Academic Limitation Regulations,withdrawal and academic limitation regulations
DOC_008,DOC_008_chunk_0001,1,"Limit on enrollment duration in a bachelor's program or in a dual bachelor's degree track.In 240-credit degree programs, a full-time student has a maximum of seven years of effective enrollment to complete the studies. In dual degree programs with a total of 248 to 360 credits, the full-time student has a maximum of eight years of effective enrollment to complete the joint program",limit on enrollment duration in a bachelors program or in a dual bachelors degree trackin 240credit degree programs a fulltime student has a maximum of seven years of effective enrollment to complete the studies in dual degree programs with a total of 248 to 360 credits the fulltime student has a maximum of eight years of effective enrollment to complete the joint program
DOC_008,DOC_008_chunk_0002,2,. The part-time student will have three additional years of effective enrollment to complete their studies beyond those stipulated in the previous sections.,the parttime student will have three additional years of effective enrollment to complete their studies beyond those stipulated in the previous sections
DOC_008,DOC_008_chunk_0003,3,"For the purposes of the preceding sections, full-time enrollment is defined as registering an annual average of forty-six credits or more during the first five years of effective enrollment; if this average is below forty-six credits, enrollment is considered part-time.",for the purposes of the preceding sections fulltime enrollment is defined as registering an annual average of fortysix credits or more during the first five years of effective enrollment if this average is below fortysix credits enrollment is considered parttime
DOC_008,DOC_008_chunk_0004,4,"Awarded credits and transferred credits do not count as completed credits for retention purposes, nor are they taken into account when determining the number of credits that must be enrolled. In cases of semiannual enrollment, the calculation of completed credits and credits to be enrolled is made annually.",awarded credits and transferred credits do not count as completed credits for retention purposes nor are they taken into account when determining the number of credits that must be enrolled in cases of semiannual enrollment the calculation of completed credits and credits to be enrolled is made annually
DOC_008,DOC_008_chunk_0005,5,"Withdrawal from Studies. A student is considered to have withdrawn from a bachelor's degree, a university master's degree, or a dual-degree program at the bachelor's or master's level when two consecutive academic years have passed without enrollment. If a student has withdrawn from the program or the dual-degree track after having passed some credits, they may apply for readmission to the dean's office.",withdrawal from studies a student is considered to have withdrawn from a bachelors degree a university masters degree or a dualdegree program at the bachelors or masters level when two consecutive academic years have passed without enrollment if a student has withdrawn from the program or the dualdegree track after having passed some credits they may apply for readmission to the deans office
DOC_008,DOC_008_chunk_0006,6,The student participating in mobility programs is exempt from meeting the conditions established in the Permanence Regulations during the year in which they take credits at another university.,the student participating in mobility programs is exempt from meeting the conditions established in the permanence regulations during the year in which they take credits at another university
DOC_008,DOC_008_chunk_0007,7,"The student who does not meet the conditions for continuation must withdraw from the bachelor's degree, the master's degree, or the dual-degree program in which they were enrolled. To be able to continue their studies, they must submit a request to the dean or director of the center.",the student who does not meet the conditions for continuation must withdraw from the bachelors degree the masters degree or the dualdegree program in which they were enrolled to be able to continue their studies they must submit a request to the dean or director of the center
DOC_009,DOC_009_chunk_0000,0,Faculty Services,faculty services
DOC_009,DOC_009_chunk_0001,1,"We have fifteen computer labs with more than 350 computers. These labs are located in three different areas: the ground floor of Tower II of Building 690, the basement of Tower IV of Building 690, and the second floor of Building 696. All computers are equipped with the basic software determined each semester by the Faculty's Computer and New Technologies Committee. To access them, you must identify yourself as a member of the University",we have fifteen computer labs with more than 350 computers these labs are located in three different areas the ground floor of tower ii of building 690 the basement of tower iv of building 690 and the second floor of building 696 all computers are equipped with the basic software determined each semester by the facultys computer and new technologies committee to access them you must identify yourself as a member of the university
DOC_009,DOC_009_chunk_0002,2,". To access them, you must identify yourself as a member of the University. During the academic term, the labs are open from 8:00 AM to 9:00 PM. When they are not being used for instructional activities, an open-access computer lab for the Faculty's students is available in each of the three areas.",to access them you must identify yourself as a member of the university during the academic term the labs are open from 800 am to 900 pm when they are not being used for instructional activities an openaccess computer lab for the facultys students is available in each of the three areas
DOC_009,DOC_009_chunk_0003,3,"Through the UB Sports Service, we offer the university community a wide range of group exercise activities and a set of facilities such as a swimming pool, tennis and paddle tennis courts, aerobics and fitness rooms, a soccer field with artificial turf and a rugby field, a multi-purpose gymnasium and an athletic track, among others.",through the ub sports service we offer the university community a wide range of group exercise activities and a set of facilities such as a swimming pool tennis and paddle tennis courts aerobics and fitness rooms a soccer field with artificial turf and a rugby field a multipurpose gymnasium and an athletic track among others
DOC_009,DOC_009_chunk_0004,4,"We offer locker rentals so you can have exclusive use of them for the entire academic year. Lockers are located in both buildings: Building 690: in the lobby of Tower 4 and in the Faculty's central hallway, next to the bar. Building 696: on the main floor next to the study rooms, and on the second floor. The rental costs 11€ per academic year (regardless of when it is requested), and you must provide your own lock",we offer locker rentals so you can have exclusive use of them for the entire academic year lockers are located in both buildings building 690 in the lobby of tower 4 and in the facultys central hallway next to the bar building 696 on the main floor next to the study rooms and on the second floor the rental costs 11 per academic year regardless of when it is requested and you must provide your own lock
DOC_009,DOC_009_chunk_0005,5,". The rental must be renewed each year; otherwise, the locker will be emptied to make it available to another student. The University of Barcelona is not responsible for any items stored inside the lockers.",the rental must be renewed each year otherwise the locker will be emptied to make it available to another student the university of barcelona is not responsible for any items stored inside the lockers
DOC_009,DOC_009_chunk_0006,6,"We make available a catalog of spaces for rent in the two Faculty buildings (Building 690 and Building 696) for anyone who may need them. These spaces can be used for conferences, lectures, exams, commercials, and films, among other possibilities. The various classrooms and rooms, as well as spaces like the hallways, outdoor gardens, or parking lots, can be rented by the hour or by the day",we make available a catalog of spaces for rent in the two faculty buildings building 690 and building 696 for anyone who may need them these spaces can be used for conferences lectures exams commercials and films among other possibilities the various classrooms and rooms as well as spaces like the hallways outdoor gardens or parking lots can be rented by the hour or by the day
DOC_009,DOC_009_chunk_0007,7,". Depending on the chosen location, the spaces have different services such as a projector, public address system, computers, internet access, amd so on.",depending on the chosen location the spaces have different services such as a projector public address system computers internet access amd so on
DOC_009,DOC_009_chunk_0008,8,"We provide a number of study rooms for you to enjoy a space to study or work in groups. Specifically, ten study rooms are available: Five rooms in Building 696 (ground floor). Two rooms in Building 696 (2nd floor). Three rooms in Building 690.",we provide a number of study rooms for you to enjoy a space to study or work in groups specifically ten study rooms are available five rooms in building 696 ground floor two rooms in building 696 2nd floor three rooms in building 690
DOC_009,DOC_009_chunk_0009,9,"On weekends and holidays, only members of the UB community may access the library. Users who have access to the CRAI Economics and Business Library with their ID card: All members of the UB university community: faculty, students, PTGAS, and UB Alumni. All members of Catalan public universities and the National Library of Catalonia can access the library under the agreement signed within the framework of the CSUC",on weekends and holidays only members of the ub community may access the library users who have access to the crai economics and business library with their id card all members of the ub university community faculty students ptgas and ub alumni all members of catalan public universities and the national library of catalonia can access the library under the agreement signed within the framework of the csuc
DOC_009,DOC_009_chunk_0010,10,". Access will be prioritized for members of the UB community, with prior notice, when capacity is reached, and access restrictions will be maintained during exam periods.",access will be prioritized for members of the ub community with prior notice when capacity is reached and access restrictions will be maintained during exam periods
DOC_009,DOC_009_chunk_0011,11,"Students and teachers have two bars at their disposal, one in Building 690 and the other in Building 696. The bars are open until 8:00 p.m. At lunchtime, a different daily menu is offered at very affordable prices.",students and teachers have two bars at their disposal one in building 690 and the other in building 696 the bars are open until 800 pm at lunchtime a different daily menu is offered at very affordable prices
DOC_010,DOC_010_chunk_0000,0,General Scholarship,general scholarship
DOC_010,DOC_010_chunk_0001,1,"The scholarship application period is scheduled to run from late March to mid-May each year. The scholarship must be applied for within the established timeframe using the Generalitat form available on the AGAUR website. Apply within the deadline, even if you don't know what you'll study, or even if you're not sure whether you'll study at all. List the programs you consider most likely",the scholarship application period is scheduled to run from late march to midmay each year the scholarship must be applied for within the established timeframe using the generalitat form available on the agaur website apply within the deadline even if you dont know what youll study or even if youre not sure whether youll study at all list the programs you consider most likely
DOC_010,DOC_010_chunk_0002,2,". List the programs you consider most likely. In September, the form will reopen and, if necessary, you can modify your choices.",list the programs you consider most likely in september the form will reopen and if necessary you can modify your choices
DOC_010,DOC_010_chunk_0003,3,The call establishes three income thresholds that determine the amounts for which you can apply. Scholarships and amounts that can be awarded: The tuition scholarship consists of an exemption from the public fee for academic services for credits enrolled for the first time and in accordance with the conditions set forth in the call. Variable amount,the call establishes three income thresholds that determine the amounts for which you can apply scholarships and amounts that can be awarded the tuition scholarship consists of an exemption from the public fee for academic services for credits enrolled for the first time and in accordance with the conditions set forth in the call variable amount
DOC_010,DOC_010_chunk_0004,4,". Variable amount. It can be: Minimum: €60 or calculated based on family income, your grade point average, and the total budget the Ministry allocates to the scholarships. Fixed amounts: For income: €1,700. For residency: €2,700. For academic excellence: between €50 and €125.",variable amount it can be minimum 60 or calculated based on family income your grade point average and the total budget the ministry allocates to the scholarships fixed amounts for income 1700 for residency 2700 for academic excellence between 50 and 125
DOC_010,DOC_010_chunk_0005,5,"If you enroll in fewer than 30 credits, you are not eligible for a scholarship for the current or the following academic year. (If you are pursuing a dual degree, the minimum number of credits is half of a full course load).",if you enroll in fewer than 30 credits you are not eligible for a scholarship for the current or the following academic year if you are pursuing a dual degree the minimum number of credits is half of a full course load
DOC_010,DOC_010_chunk_0006,6,Everyone who is awarded the scholarship receives the tuition scholarship. The academic excellence scholarship is only for full-time studies. Only those in threshold 1 can receive the fixed income amount. Those in threshold 2 only receive the residency amount and the variable amount.,everyone who is awarded the scholarship receives the tuition scholarship the academic excellence scholarship is only for fulltime studies only those in threshold 1 can receive the fixed income amount those in threshold 2 only receive the residency amount and the variable amount
DOC_010,DOC_010_chunk_0007,7,Partial enrollments between 48 and 59 credits are eligible for the fixed income-based award (€350) and the fixed residency-based award (€350). Those who enroll in 30 to 47 credits only receive the minimum variable award.,partial enrollments between 48 and 59 credits are eligible for the fixed incomebased award 350 and the fixed residencybased award 350 those who enroll in 30 to 47 credits only receive the minimum variable award
DOC_010,DOC_010_chunk_0008,8,"General requirements: Be a Spanish citizen or hold the nationality of a member state of the European Union. In the case of European Union citizens or their family members, they must have permanent resident status or provide proof of being self-employed or employed by others in Spain. These requirements will not apply for obtaining the tuition scholarship",general requirements be a spanish citizen or hold the nationality of a member state of the european union in the case of european union citizens or their family members they must have permanent resident status or provide proof of being selfemployed or employed by others in spain these requirements will not apply for obtaining the tuition scholarship
DOC_010,DOC_010_chunk_0009,9,". These requirements will not apply for obtaining the tuition scholarship.  If you are not a citizen of the Union, you must have a residence permit in Spain, i.e., an NIE/TIE (Foreign Identification Card). A study permit is not valid. This requirement must be met as of December 31 of the year preceding the call.",these requirements will not apply for obtaining the tuition scholarship if you are not a citizen of the union you must have a residence permit in spain ie an nietie foreign identification card a study permit is not valid this requirement must be met as of december 31 of the year preceding the call
DOC_010,DOC_010_chunk_0010,10,"Not hold, at the time of applying for the scholarship, a degree of a level equal to or higher than the level of studies for which the scholarship is being requested.  Meet the other academic and financial requirements specified in the call. 
Second-year students and above, to be eligible for the tuition scholarship and the other amounts, must pass 65% of the credits they have enrolled in.",not hold at the time of applying for the scholarship a degree of a level equal to or higher than the level of studies for which the scholarship is being requested meet the other academic and financial requirements specified in the call secondyear students and above to be eligible for the tuition scholarship and the other amounts must pass 65 of the credits they have enrolled in
DOC_010,DOC_010_chunk_0011,11,"You are considered to be in breach of your obligation if you: Cancel your enrollment or withdraw from your studies and have not submitted the final year project, which is not a course on the Study Plan, within two years from the date of the scholarship award decision. In either of these cases, you will have to return all awarded aid. (including the tuition scholarship).",you are considered to be in breach of your obligation if you cancel your enrollment or withdraw from your studies and have not submitted the final year project which is not a course on the study plan within two years from the date of the scholarship award decision in either of these cases you will have to return all awarded aid including the tuition scholarship
DOC_010,DOC_010_chunk_0012,12,"If you do not pass 40% of the credits enrolled in a regular or extraordinary exam period. In this case, you will have to return the awarded aid, except for the tuition scholarship.",if you do not pass 40 of the credits enrolled in a regular or extraordinary exam period in this case you will have to return the awarded aid except for the tuition scholarship
DOC_011,DOC_011_chunk_0000,0,Criteria for applying tuition exemptions and waivers,criteria for applying tuition exemptions and waivers
DOC_011,DOC_011_chunk_0001,1,"Students who belong to a large family (general category) are entitled to a 50% reduction in tuition fees for enrolled credits, as well as in the academic record management and certificate issuance fees. Students who belong to a large family (special category) are entitled to a 100% exemption from these fees.",students who belong to a large family general category are entitled to a 50 reduction in tuition fees for enrolled credits as well as in the academic record management and certificate issuance fees students who belong to a large family special category are entitled to a 100 exemption from these fees
DOC_011,DOC_011_chunk_0002,2,The decree of the Government of Catalonia establishing the prices for the provision of academic services states that students who have been awarded an honors distinction or an extraordinary prize in upper secondary education or higher-level vocational training are entitled to full exemption from public fees for all credits in which they enroll for the first time during the first year of their official university studies.,the decree of the government of catalonia establishing the prices for the provision of academic services states that students who have been awarded an honors distinction or an extraordinary prize in upper secondary education or higherlevel vocational training are entitled to full exemption from public fees for all credits in which they enroll for the first time during the first year of their official university studies
DOC_011,DOC_011_chunk_0003,3,"Students with a disability degree of 33% or higher, victims of terrorist acts (as well as their children and spouse), victims of gender-based violence within the context of an intimate partner relationship and their dependent children, victims of gender-based violence outside the context of an intimate partner relationship, and beneficiaries of the Minimum Vital Income allowance are entitled to an exemption from tuition fees.",students with a disability degree of 33 or higher victims of terrorist acts as well as their children and spouse victims of genderbased violence within the context of an intimate partner relationship and their dependent children victims of genderbased violence outside the context of an intimate partner relationship and beneficiaries of the minimum vital income allowance are entitled to an exemption from tuition fees
DOC_011,DOC_011_chunk_0004,4,It also establishes the application of an exemption from tuition fees for a number of credits equivalent to those in which the student has obtained a distinction with honors in university studies.,it also establishes the application of an exemption from tuition fees for a number of credits equivalent to those in which the student has obtained a distinction with honors in university studies
